{"is_source_file": true, "format": "Python", "description": "The file defines a FastAPI application with CORS middleware configuration and a health check endpoint.", "external_files": ["fastapi", "fastapi.middleware.cors"], "external_methods": ["FastAPI()", "CORSMiddleware"], "published": ["app"], "classes": [], "methods": [{"name": "health_check()", "description": "A simple endpoint to check the health status of the application.", "scope": "", "scopeKind": ""}], "calls": ["FastAPI()", "CORSMiddleware", "app.add_middleware", "app.get"], "search-terms": ["FastAPI", "CORS", "health check", "main.py", "api"], "state": 2, "file_id": 3, "knowledge_revision": 9, "git_revision": "cb628867cb4052a9bd78b4b51cb54cbf8ccc7d95", "ctags": [{"_type": "tag", "name": "app", "path": "/home/kavia/workspace/code-generation/simple-notes-app-315463-315472/notes_backend/src/api/main.py", "pattern": "/^app = FastAPI()$/", "language": "Python", "kind": "variable"}, {"_type": "tag", "name": "health_check", "path": "/home/kavia/workspace/code-generation/simple-notes-app-315463-315472/notes_backend/src/api/main.py", "pattern": "/^def health_check():$/", "language": "Python", "kind": "function", "signature": "()"}], "hash": "58352bf5f133908bab16643199aa483d", "format-version": 4, "code-base-name": "notes_backend", "filename": "notes_backend/src/api/main.py", "fields": [{"name": "app = FastAPI()", "scope": "", "scopeKind": "", "description": "unavailable"}], "revision_history": [{"9": "cb628867cb4052a9bd78b4b51cb54cbf8ccc7d95"}]}